Nome Completo;Idade;Email;Cidade;Empresa;Cargo
Emily Johnson;29;emily.johnson@x.dummyjson.com;Phoenix;Dooley, Kozey and Cronin;Sales Manager
Michael Williams;36;michael.williams@x.dummyjson.com;Houston;Spinka - Dickinson;Support Specialist
Sophia Brown;43;sophia.brown@x.dummyjson.com;Washington;Schiller - Zieme;Accountant
James Davis;46;james.davis@x.dummyjson.com;Seattle;Pagac and Sons;Research Analyst
Emma Miller;31;emma.miller@x.dummyjson.com;Jacksonville;Graham - Gulgowski;Quality Assurance Engineer
Olivia Wilson;23;olivia.wilson@x.dummyjson.com;Fort Worth;Pfannerstill Inc;Research Analyst
Alexander Jones;39;alexander.jones@x.dummyjson.com;Indianapolis;Dickens - Beahan;Web Developer
Ava Taylor;28;ava.taylor@x.dummyjson.com;Fort Worth;Nikolaus Inc;Chief Executive Officer
Ethan Martinez;34;ethan.martinez@x.dummyjson.com;San Antonio;Gorczany - Gottlieb;Legal Counsel
Isabella Anderson;32;isabella.anderson@x.dummyjson.com;New York;Pollich - Hilpert;Chief Financial Officer
Liam Garcia;30;liam.garcia@x.dummyjson.com;Denver;Considine - Torp;Web Developer
Mia Rodriguez;25;mia.rodriguez@x.dummyjson.com;Jacksonville;Miller, Schowalter and Wisozk;Business Analyst
Noah Hernandez;41;noah.hernandez@x.dummyjson.com;New York;Botsford, Marquardt and Roberts;Database Administrator
Charlotte Lopez;37;charlotte.lopez@x.dummyjson.com;Columbus;Zulauf and Sons;Chief Executive Officer
William Gonzalez;33;william.gonzalez@x.dummyjson.com;San Jose;Spinka - Dickinson;Software Architect
Avery Perez;26;avery.perez@x.dummyjson.com;Columbus;Herzog Inc;Database Administrator
Evelyn Sanchez;38;evelyn.sanchez@x.dummyjson.com;San Diego;Predovic - Johns;Chief Financial Officer
Logan Torres;32;logan.torres@x.dummyjson.com;Columbus;Jast - Nader;Data Analyst
Abigail Rivera;29;abigail.rivera@x.dummyjson.com;Chicago;Prohaska - Thiel;Business Analyst
Jackson Evans;35;jackson.evans@x.dummyjson.com;New York;Kuhlman LLC;Web Developer
Madison Collins;27;madison.collins@x.dummyjson.com;Philadelphia;Mayer - Smitham;Chief Technology Officer
Elijah Stewart;34;elijah.stewart@x.dummyjson.com;Columbus;Langworth Group;Business Analyst
Chloe Morales;40;chloe.morales@x.dummyjson.com;Dallas;Grady LLC;Database Administrator
Mateo Nguyen;31;mateo.nguyen@x.dummyjson.com;Columbus;Spinka LLC;Business Analyst
Harper Kelly;28;harper.kelly@x.dummyjson.com;Philadelphia;Leffler, Rolfson and Becker;Business Development Manager
Evelyn Gonzalez;36;evelyn.gonzalez@x.dummyjson.com;Dallas;Tromp, Gaylord and Weber;Project Manager
Daniel Cook;42;daniel.cook@x.dummyjson.com;Los Angeles;Morissette, Baumbach and Auer;Legal Counsel
Lily Lee;30;lily.lee@x.dummyjson.com;Phoenix;Cremin Inc;Quality Assurance Engineer
Henry Hill;39;henry.hill@x.dummyjson.com;Indianapolis;Gerlach, Funk and Schoen;Sales Manager
Addison Wright;33;addison.wright@x.dummyjson.com;San Francisco;Kreiger Inc;Human Resources Manager
